incident_id,source_alert_id,month,category,severity,mitre_tactic,first_activity,detected,acknowledged,contained,resolved,mttd_minutes,mtta_minutes,mttc_minutes,mttr_minutes,sla_target_minutes,sla_breached,analyst_tier1,analyst_tier2,shift,false_escalation
INC-00001,ALT-000009,2026-03,Malware,Medium,Defense Evasion,2026-03-01 06:50:38,2026-03-01 11:38:42,2026-03-01 11:44:43,2026-03-02 04:39:51,2026-03-02 05:09:51,288.1,6.0,1021.2,1051.2,1440,No,m.hasan,f.ahmed,Morning,No
INC-00002,ALT-000045,2026-03,Denial of Service,Critical,Initial Access,2026-03-03 16:19:59,2026-03-03 17:39:44,2026-03-03 18:00:31,2026-03-03 18:46:43,2026-03-05 20:07:49,79.7,20.8,67.0,3028.1,60,Yes,t.begum,j.chowdhury,Evening,No
INC-00003,ALT-000085,2026-03,Phishing,Critical,Impact,2026-02-22 19:47:23,2026-03-04 08:42:59,2026-03-04 08:53:14,2026-03-04 09:41:41,2026-03-06 15:19:42,13735.6,10.3,58.7,3276.7,60,No,s.khatun,f.ahmed,Morning,No
INC-00004,ALT-000073,2026-03,Denial of Service,High,Exfiltration,2026-03-04 10:47:37,2026-03-04 15:09:55,2026-03-04 15:28:48,2026-03-04 18:53:15,2026-03-05 16:44:49,262.3,18.9,223.3,1534.9,240,No,s.khatun,f.ahmed,Evening,No
INC-00005,ALT-000132,2026-03,Phishing,Medium,Exfiltration,2026-03-06 05:50:06,2026-03-06 16:24:19,2026-03-06 16:25:58,2026-03-07 17:07:26,2026-03-08 09:07:54,634.2,1.7,1483.1,2443.6,1440,Yes,m.hasan,k.das,Evening,No
INC-00006,ALT-000149,2026-03,Phishing,Medium,Privilege Escalation,2026-03-08 00:57:53,2026-03-08 11:43:59,2026-03-08 11:48:03,2026-03-09 00:24:48,2026-03-10 09:52:23,646.1,4.1,760.8,2768.4,1440,No,s.khatun,j.chowdhury,Morning,No
INC-00007,ALT-000150,2026-03,Malware,Medium,Credential Access,2026-03-08 08:21:49,2026-03-08 15:46:26,2026-03-08 16:03:27,2026-03-09 13:29:16,2026-03-10 21:28:23,444.6,17.0,1302.8,3222.0,1440,No,n.akter,f.ahmed,Evening,No
INC-00008,ALT-000207,2026-03,Unauthorized Access,Medium,Defense Evasion,2026-03-11 10:51:32,2026-03-11 18:28:13,2026-03-11 18:42:13,2026-03-12 14:08:52,2026-03-14 01:19:20,456.7,14.0,1180.7,3291.1,1440,No,m.hasan,f.ahmed,Evening,Yes
INC-00009,ALT-000205,2026-03,Malware,Low,Command and Control,2026-03-11 16:42:24,2026-03-11 19:50:33,2026-03-11 20:06:12,2026-03-15 17:32:43,2026-03-15 18:02:43,188.1,15.7,5622.2,5652.2,4320,Yes,s.khatun,k.das,Evening,No
INC-00010,ALT-000232,2026-03,Malware,Medium,Privilege Escalation,2026-03-04 19:37:20,2026-03-12 11:13:24,2026-03-12 11:23:06,2026-03-13 04:50:49,2026-03-14 04:03:30,11016.1,9.7,1057.4,2450.1,1440,No,a.rahman,f.ahmed,Morning,No
INC-00011,ALT-000243,2026-03,Phishing,Medium,Defense Evasion,2026-03-12 10:20:56,2026-03-12 15:39:50,2026-03-12 15:46:00,2026-03-13 06:54:38,2026-03-14 03:43:48,318.9,6.2,914.8,2164.0,1440,No,a.rahman,k.das,Evening,No
INC-00012,ALT-000255,2026-03,Denial of Service,Medium,Initial Access,2026-03-13 05:16:18,2026-03-13 10:12:34,2026-03-13 10:18:33,2026-03-14 05:40:43,2026-03-14 14:00:27,296.3,6.0,1168.2,1667.9,1440,No,m.hasan,f.ahmed,Morning,No
INC-00013,ALT-000245,2026-03,Insider Threat,Medium,Collection,2026-03-13 17:22:13,2026-03-13 19:06:59,2026-03-13 19:28:06,2026-03-14 01:11:45,2026-03-15 00:27:15,104.8,21.1,364.8,1760.3,1440,No,n.akter,f.ahmed,Evening,No
INC-00014,ALT-000283,2026-03,Phishing,Medium,Exfiltration,2026-03-16 02:23:06,2026-03-16 08:07:23,2026-03-16 08:20:00,2026-03-17 05:53:58,2026-03-17 06:23:58,344.3,12.6,1306.6,1336.6,1440,No,m.hasan,k.das,Morning,No
INC-00015,ALT-000314,2026-03,Phishing,Medium,Collection,2026-03-17 09:48:18,2026-03-17 17:26:57,2026-03-17 17:31:48,2026-03-18 18:12:17,2026-03-20 03:40:22,458.6,4.9,1485.3,3493.4,1440,Yes,n.akter,j.chowdhury,Evening,No
INC-00016,ALT-000335,2026-03,Phishing,Medium,Execution,2026-03-07 10:02:13,2026-03-18 11:34:19,2026-03-18 11:46:47,2026-03-18 19:20:28,2026-03-20 08:59:12,15932.1,12.5,466.2,2724.9,1440,No,a.rahman,k.das,Morning,No
INC-00017,ALT-000357,2026-03,Unauthorized Access,Critical,Initial Access,2026-03-19 09:22:02,2026-03-19 15:18:33,2026-03-19 15:36:25,2026-03-19 16:30:04,2026-03-22 04:57:02,356.5,17.9,71.5,3698.5,60,Yes,t.begum,j.chowdhury,Evening,No
INC-00018,ALT-000397,2026-03,Unauthorized Access,Medium,Persistence,2026-03-21 20:51:03,2026-03-21 23:21:04,2026-03-21 23:22:04,2026-03-22 17:03:27,2026-03-23 10:32:17,150.0,1,1062.4,2111.2,1440,No,a.rahman,j.chowdhury,Night,No
INC-00019,ALT-000418,2026-03,Phishing,High,Collection,2026-03-23 06:25:29,2026-03-23 11:51:44,2026-03-23 12:00:03,2026-03-23 18:30:31,2026-03-25 13:03:57,326.2,8.3,398.8,2952.2,240,Yes,n.akter,j.chowdhury,Morning,No
INC-00020,ALT-000421,2026-03,Phishing,High,Exfiltration,2026-03-23 11:15:02,2026-03-23 13:43:15,2026-03-23 13:47:33,2026-03-23 15:30:05,2026-03-24 21:56:19,148.2,4.3,106.8,1933.1,240,No,s.khatun,j.chowdhury,Morning,No
INC-00021,ALT-000460,2026-03,Unauthorized Access,High,Privilege Escalation,2026-03-25 12:41:29,2026-03-25 14:14:12,2026-03-25 14:38:11,2026-03-25 15:56:11,2026-03-26 11:54:02,92.7,24.0,102.0,1299.8,240,No,r.islam,j.chowdhury,Evening,No
INC-00022,ALT-000489,2026-03,Phishing,High,Impact,2026-03-18 22:33:49,2026-03-26 20:12:11,2026-03-26 20:19:03,2026-03-26 23:02:12,2026-03-28 05:58:59,11378.4,6.9,170.0,2026.8,240,No,s.khatun,k.das,Evening,No
INC-00023,ALT-000528,2026-03,Recon/Scanning,High,Discovery,2026-03-28 09:41:04,2026-03-28 12:26:26,2026-03-28 12:33:19,2026-03-28 15:53:39,2026-03-30 14:27:47,165.4,6.9,207.2,3001.4,240,No,t.begum,f.ahmed,Morning,No
INC-00024,ALT-000543,2026-03,Policy Violation,Medium,Privilege Escalation,2026-03-29 11:28:24,2026-03-29 16:36:13,2026-03-29 16:51:43,2026-03-30 15:45:46,2026-03-31 08:03:22,307.8,15.5,1389.6,2367.2,1440,No,s.khatun,j.chowdhury,Evening,No
INC-00025,ALT-000585,2026-03,Recon/Scanning,High,Exfiltration,2026-03-31 00:48:03,2026-03-31 01:27:21,2026-03-31 02:02:40,2026-03-31 04:08:23,2026-03-31 21:48:20,39.3,35.3,161.0,1221.0,240,No,r.islam,k.das,Night,No
INC-00026,ALT-000594,2026-03,Data Loss,High,Initial Access,2026-03-31 05:39:13,2026-03-31 09:21:43,2026-03-31 09:31:32,2026-03-31 13:15:26,2026-04-02 04:29:50,222.5,9.8,233.7,2588.1,240,No,a.rahman,k.das,Morning,No
INC-00027,ALT-000595,2026-03,Policy Violation,Low,Privilege Escalation,2026-03-31 07:50:46,2026-03-31 09:47:59,2026-03-31 09:54:44,2026-04-02 19:43:43,2026-04-03 22:14:29,117.2,6.8,3475.7,5066.5,4320,No,t.begum,j.chowdhury,Morning,No
INC-00028,ALT-000619,2026-04,Policy Violation,Low,Credential Access,2026-04-01 04:22:12,2026-04-01 10:28:31,2026-04-01 10:32:44,2026-04-04 07:12:23,2026-04-04 19:29:04,366.3,4.2,4123.9,4860.6,4320,No,s.khatun,j.chowdhury,Morning,No
INC-00029,ALT-000610,2026-04,Phishing,High,Discovery,2026-04-01 09:41:03,2026-04-01 11:57:53,2026-04-01 12:08:18,2026-04-01 16:58:36,2026-04-02 20:25:44,136.8,10.4,300.7,1947.9,240,Yes,a.rahman,k.das,Morning,No
INC-00030,ALT-000600,2026-04,Unauthorized Access,Medium,Impact,2026-04-01 10:00:22,2026-04-01 14:28:51,2026-04-01 14:42:01,2026-04-01 19:07:50,2026-04-02 17:24:29,268.5,13.2,279.0,1615.6,1440,No,r.islam,k.das,Evening,No
INC-00031,ALT-000633,2026-04,Recon/Scanning,High,Credential Access,2026-04-02 07:42:59,2026-04-02 13:56:52,2026-04-02 14:02:33,2026-04-02 16:08:53,2026-04-03 21:31:45,373.9,5.7,132.0,1894.9,240,No,r.islam,f.ahmed,Morning,No
INC-00032,ALT-000656,2026-04,Recon/Scanning,Medium,Credential Access,2026-04-03 04:20:12,2026-04-03 11:38:02,2026-04-03 11:44:36,2026-04-04 01:49:00,2026-04-05 04:45:30,437.8,6.6,851.0,2467.5,1440,No,a.rahman,f.ahmed,Morning,No
INC-00033,ALT-000690,2026-04,Unauthorized Access,Medium,Persistence,2026-04-06 12:40:09,2026-04-06 14:04:57,2026-04-06 14:14:54,2026-04-07 07:02:04,2026-04-08 22:48:06,84.8,10.0,1017.1,3403.2,1440,No,t.begum,k.das,Evening,No
INC-00034,ALT-000687,2026-04,Unauthorized Access,High,Impact,2026-04-06 12:57:21,2026-04-06 16:21:09,2026-04-06 16:25:18,2026-04-06 21:15:28,2026-04-08 02:16:20,203.8,4.2,294.3,2035.2,240,Yes,a.rahman,j.chowdhury,Evening,No
INC-00035,ALT-000680,2026-04,Policy Violation,Low,Initial Access,2026-04-06 19:47:46,2026-04-06 22:35:39,2026-04-06 22:50:32,2026-04-08 12:03:07,2026-04-08 16:19:00,167.9,14.9,2247.5,2503.4,4320,No,n.akter,f.ahmed,Night,No
INC-00036,ALT-000718,2026-04,Phishing,Medium,Execution,2026-04-06 20:38:51,2026-04-07 01:16:09,2026-04-07 01:36:49,2026-04-07 11:44:56,2026-04-07 21:59:16,277.3,20.7,628.8,1243.1,1440,No,n.akter,f.ahmed,Night,No
INC-00037,ALT-000722,2026-04,Data Loss,Medium,Privilege Escalation,2026-04-07 08:01:16,2026-04-07 12:53:16,2026-04-07 13:04:01,2026-04-08 03:36:18,2026-04-08 04:06:18,292.0,10.8,883.0,913.0,1440,No,r.islam,k.das,Morning,No
INC-00038,ALT-000733,2026-04,Phishing,High,Impact,2026-04-08 08:08:17,2026-04-08 10:28:19,2026-04-08 10:34:29,2026-04-08 14:45:38,2026-04-09 14:18:35,140.0,6.2,257.3,1670.3,240,Yes,t.begum,j.chowdhury,Morning,No
INC-00039,ALT-000734,2026-04,Unauthorized Access,High,Execution,2026-04-08 09:54:21,2026-04-08 12:23:06,2026-04-08 12:36:16,2026-04-08 15:38:22,2026-04-10 12:32:15,148.7,13.2,195.3,2889.2,240,No,a.rahman,f.ahmed,Morning,No
INC-00040,ALT-000731,2026-04,Phishing,Medium,Discovery,2026-04-08 13:12:53,2026-04-08 21:23:34,2026-04-08 21:35:54,2026-04-09 15:40:00,2026-04-10 21:08:38,490.7,12.3,1096.4,2865.1,1440,No,a.rahman,k.das,Evening,No
INC-00041,ALT-000763,2026-04,Insider Threat,High,Initial Access,2026-04-09 08:01:15,2026-04-09 10:35:36,2026-04-09 10:41:24,2026-04-09 12:39:08,2026-04-10 15:09:25,154.3,5.8,123.5,1713.8,240,No,r.islam,k.das,Morning,No
INC-00042,ALT-000799,2026-04,Phishing,Medium,Discovery,2026-04-11 10:44:03,2026-04-11 12:22:18,2026-04-11 12:31:43,2026-04-12 16:06:23,2026-04-13 12:33:21,98.2,9.4,1664.1,2891.1,1440,Yes,s.khatun,f.ahmed,Morning,No
INC-00043,ALT-000815,2026-04,Policy Violation,Critical,Privilege Escalation,2026-04-13 03:09:05,2026-04-13 07:25:45,2026-04-13 07:42:20,2026-04-13 08:20:31,2026-04-15 01:02:50,256.7,16.6,54.8,2497.1,60,No,t.begum,k.das,Morning,No
INC-00044,ALT-000835,2026-04,Unauthorized Access,Low,Collection,2026-04-14 06:50:20,2026-04-14 08:01:05,2026-04-14 08:05:04,2026-04-16 06:53:45,2026-04-16 07:34:11,70.7,4.0,2812.7,2853.1,4320,No,a.rahman,k.das,Morning,No
INC-00045,ALT-000859,2026-04,Recon/Scanning,Medium,Discovery,2026-04-15 09:55:16,2026-04-15 15:58:04,2026-04-15 15:59:24,2026-04-16 05:27:33,2026-04-16 18:31:28,362.8,1.3,809.5,1593.4,1440,No,m.hasan,j.chowdhury,Evening,No
INC-00046,ALT-000889,2026-04,Phishing,High,Discovery,2026-04-10 12:36:02,2026-04-16 13:53:16,2026-04-16 14:01:43,2026-04-16 17:39:22,2026-04-18 17:21:52,8717.2,8.5,226.1,3088.6,240,No,a.rahman,k.das,Morning,No
INC-00047,ALT-000895,2026-04,Insider Threat,Medium,Initial Access,2026-04-16 07:40:14,2026-04-16 14:54:27,2026-04-16 15:02:41,2026-04-17 02:57:45,2026-04-18 01:57:17,434.2,8.2,723.3,2102.8,1440,No,a.rahman,k.das,Evening,No
INC-00048,ALT-000935,2026-04,Unauthorized Access,Medium,Credential Access,2026-04-20 02:05:09,2026-04-20 08:17:19,2026-04-20 08:19:15,2026-04-20 10:49:50,2026-04-21 08:30:12,372.2,1.9,152.5,1452.9,1440,No,n.akter,k.das,Morning,No
INC-00049,ALT-000929,2026-04,Insider Threat,High,Privilege Escalation,2026-04-20 16:42:09,2026-04-20 16:43:09,2026-04-20 16:44:09,2026-04-20 19:37:02,2026-04-21 16:13:37,1,1,173.9,1410.5,240,No,m.hasan,j.chowdhury,Evening,No
INC-00050,ALT-000972,2026-04,Policy Violation,Critical,Exfiltration,2026-04-15 11:02:49,2026-04-21 10:25:39,2026-04-21 10:30:46,2026-04-21 11:28:57,2026-04-22 19:32:00,8602.8,5.1,63.3,1986.4,60,Yes,t.begum,j.chowdhury,Morning,No
INC-00051,ALT-000957,2026-04,Recon/Scanning,High,Collection,2026-04-21 08:36:39,2026-04-21 13:24:48,2026-04-21 13:30:54,2026-04-21 15:02:18,2026-04-23 22:05:29,288.1,6.1,97.5,3400.7,240,No,t.begum,f.ahmed,Morning,No
INC-00052,ALT-000992,2026-04,Phishing,Low,Persistence,2026-04-21 22:28:33,2026-04-22 00:45:41,2026-04-22 01:26:02,2026-04-22 09:53:20,2026-04-22 21:26:01,137.1,40.4,547.7,1240.3,4320,No,s.khatun,f.ahmed,Night,No
INC-00053,ALT-001023,2026-04,Insider Threat,Medium,Exfiltration,2026-04-24 12:39:58,2026-04-24 14:14:17,2026-04-24 14:25:14,2026-04-24 23:39:03,2026-04-25 16:47:23,94.3,11.0,564.8,1593.1,1440,No,m.hasan,k.das,Evening,No
INC-00054,ALT-001032,2026-04,Recon/Scanning,High,Execution,2026-04-17 03:52:36,2026-04-24 17:14:35,2026-04-24 17:31:21,2026-04-24 21:51:39,2026-04-25 18:58:21,10882.0,16.8,277.1,1543.8,240,Yes,m.hasan,k.das,Evening,No
INC-00055,ALT-001047,2026-04,Malware,Medium,Command and Control,2026-04-26 10:06:02,2026-04-26 16:49:31,2026-04-26 17:08:30,2026-04-27 07:26:51,2026-04-28 03:41:49,403.5,19.0,877.3,2092.3,1440,No,t.begum,f.ahmed,Evening,Yes
INC-00056,ALT-001069,2026-04,Policy Violation,Medium,Privilege Escalation,2026-04-27 01:31:44,2026-04-27 03:12:15,2026-04-27 03:20:35,2026-04-27 20:09:26,2026-04-28 08:40:42,100.5,8.3,1017.2,1768.5,1440,No,r.islam,k.das,Night,No
INC-00057,ALT-001058,2026-04,Phishing,Low,Impact,2026-04-27 09:15:00,2026-04-27 10:25:24,2026-04-27 10:34:01,2026-04-29 05:51:48,2026-04-29 09:03:35,70.4,8.6,2606.4,2798.2,4320,No,s.khatun,k.das,Morning,No
INC-00058,ALT-001071,2026-04,Unauthorized Access,Medium,Defense Evasion,2026-04-27 08:30:27,2026-04-27 14:23:33,2026-04-27 14:39:06,2026-04-28 08:33:34,2026-04-29 03:41:57,353.1,15.6,1090.0,2238.4,1440,No,a.rahman,j.chowdhury,Evening,No
INC-00059,ALT-001066,2026-04,Unauthorized Access,High,Credential Access,2026-04-27 14:53:39,2026-04-27 18:54:21,2026-04-27 19:10:03,2026-04-27 19:37:00,2026-04-29 01:08:11,240.7,15.7,42.7,1813.8,240,No,r.islam,k.das,Evening,No
INC-00060,ALT-001090,2026-04,Unauthorized Access,Low,Credential Access,2026-04-28 09:33:34,2026-04-28 13:29:05,2026-04-28 13:38:32,2026-04-30 07:48:02,2026-04-30 12:25:23,235.5,9.5,2539.0,2816.3,4320,No,s.khatun,j.chowdhury,Morning,No
INC-00061,ALT-001119,2026-04,Malware,High,Initial Access,2026-04-29 10:43:07,2026-04-29 11:31:55,2026-04-29 11:43:06,2026-04-29 16:28:52,2026-05-01 15:37:39,48.8,11.2,297.0,3125.7,240,Yes,s.khatun,j.chowdhury,Morning,No
INC-00062,ALT-001114,2026-04,Policy Violation,Medium,Privilege Escalation,2026-04-29 09:56:46,2026-04-29 12:23:31,2026-04-29 12:27:52,2026-04-30 09:27:47,2026-05-01 15:51:18,146.7,4.4,1264.3,3087.8,1440,No,r.islam,j.chowdhury,Morning,No
INC-00063,ALT-001147,2026-04,Malware,High,Defense Evasion,2026-04-30 12:19:01,2026-04-30 13:43:03,2026-04-30 13:44:52,2026-04-30 16:02:19,2026-05-01 15:28:11,84.0,1.8,139.3,1545.1,240,No,m.hasan,j.chowdhury,Morning,No
INC-00064,ALT-001155,2026-05,Unauthorized Access,Low,Command and Control,2026-05-01 13:07:18,2026-05-01 15:38:04,2026-05-01 15:39:04,2026-05-04 22:35:31,2026-05-04 23:05:31,150.8,1,4737.5,4767.5,4320,Yes,m.hasan,k.das,Evening,No
INC-00065,ALT-001172,2026-05,Policy Violation,Critical,Initial Access,2026-04-26 19:20:56,2026-05-02 13:07:28,2026-05-02 13:13:12,2026-05-02 14:11:21,2026-05-04 14:40:03,8266.5,5.7,63.9,2972.6,60,Yes,s.khatun,j.chowdhury,Morning,No
INC-00066,ALT-001168,2026-05,Recon/Scanning,High,Defense Evasion,2026-05-02 11:24:45,2026-05-02 14:35:02,2026-05-02 14:44:42,2026-05-02 17:46:21,2026-05-03 20:07:29,190.3,9.7,191.3,1772.5,240,No,n.akter,j.chowdhury,Evening,No
INC-00067,ALT-001232,2026-05,Unauthorized Access,High,Credential Access,2026-05-05 05:31:05,2026-05-05 08:06:31,2026-05-05 08:11:25,2026-05-05 12:09:44,2026-05-07 11:45:12,155.4,4.9,243.2,3098.7,240,Yes,s.khatun,k.das,Morning,No
INC-00068,ALT-001237,2026-05,Malware,Medium,Collection,2026-05-05 16:01:41,2026-05-05 19:14:46,2026-05-05 19:22:00,2026-05-06 09:30:42,2026-05-07 07:25:07,193.1,7.2,855.9,2170.4,1440,No,n.akter,k.das,Evening,No
INC-00069,ALT-001256,2026-05,Unauthorized Access,Medium,Credential Access,2026-05-06 07:03:17,2026-05-06 08:22:11,2026-05-06 08:29:36,2026-05-06 10:05:23,2026-05-07 02:13:32,78.9,7.4,103.2,1071.4,1440,No,a.rahman,f.ahmed,Morning,Yes
INC-00070,ALT-001240,2026-05,Unauthorized Access,Medium,Persistence,2026-05-06 09:50:00,2026-05-06 15:04:09,2026-05-06 15:15:30,2026-05-06 17:14:56,2026-05-07 19:50:14,314.1,11.4,130.8,1726.1,1440,No,t.begum,j.chowdhury,Evening,No
INC-00071,ALT-001244,2026-05,Phishing,Medium,Initial Access,2026-05-06 14:37:13,2026-05-06 18:05:55,2026-05-06 18:11:04,2026-05-07 07:41:48,2026-05-07 08:11:48,208.7,5.2,815.9,845.9,1440,No,r.islam,j.chowdhury,Evening,No
INC-00072,ALT-001273,2026-05,Phishing,Medium,Discovery,2026-05-07 06:04:21,2026-05-07 11:04:41,2026-05-07 11:11:30,2026-05-08 07:43:09,2026-05-09 15:47:29,300.3,6.8,1238.5,3162.8,1440,No,s.khatun,f.ahmed,Morning,No
INC-00073,ALT-001270,2026-05,Policy Violation,High,Exfiltration,2026-05-07 12:34:48,2026-05-07 13:46:00,2026-05-07 13:52:31,2026-05-07 17:32:47,2026-05-08 16:37:01,71.2,6.5,226.8,1611.0,240,No,r.islam,k.das,Morning,No
INC-00074,ALT-001268,2026-05,Policy Violation,High,Command and Control,2026-05-07 16:34:05,2026-05-07 16:35:05,2026-05-07 16:46:02,2026-05-07 18:51:42,2026-05-09 13:42:50,1,11.0,136.6,2707.8,240,No,a.rahman,j.chowdhury,Evening,No
INC-00075,ALT-001264,2026-05,Policy Violation,High,Impact,2026-05-07 14:20:59,2026-05-07 17:39:39,2026-05-07 17:59:41,2026-05-07 23:25:44,2026-05-10 00:33:54,198.7,20.0,346.1,3294.3,240,Yes,n.akter,j.chowdhury,Evening,No
INC-00076,ALT-001284,2026-05,Malware,High,Execution,2026-05-08 22:37:23,2026-05-08 22:38:23,2026-05-08 23:12:24,2026-05-09 03:03:07,2026-05-10 10:20:15,1,34.0,264.7,2141.9,240,Yes,t.begum,k.das,Night,Yes
INC-00077,ALT-001321,2026-05,Policy Violation,High,Impact,2026-05-11 10:16:35,2026-05-11 11:35:48,2026-05-11 11:40:19,2026-05-11 14:13:19,2026-05-13 12:43:37,79.2,4.5,157.5,2947.8,240,No,s.khatun,j.chowdhury,Morning,No
INC-00078,ALT-001335,2026-05,Policy Violation,Medium,Command and Control,2026-05-12 03:44:43,2026-05-12 08:09:43,2026-05-12 08:14:12,2026-05-13 00:21:37,2026-05-13 05:49:06,265.0,4.5,971.9,1299.4,1440,No,a.rahman,k.das,Morning,No
INC-00079,ALT-001339,2026-05,Phishing,High,Privilege Escalation,2026-05-04 12:36:01,2026-05-12 14:55:00,2026-05-12 14:58:48,2026-05-12 17:46:04,2026-05-13 21:18:16,11659.0,3.8,171.1,1823.3,240,No,t.begum,f.ahmed,Evening,No
INC-00080,ALT-001369,2026-05,Recon/Scanning,Medium,Privilege Escalation,2026-05-12 23:32:11,2026-05-13 05:20:54,2026-05-13 05:26:42,2026-05-13 14:24:33,2026-05-14 03:32:37,348.7,5.8,543.7,1331.7,1440,No,t.begum,k.das,Night,No
INC-00081,ALT-001380,2026-05,Recon/Scanning,Medium,Execution,2026-05-14 12:35:01,2026-05-14 14:41:33,2026-05-14 14:48:02,2026-05-15 00:05:13,2026-05-15 18:01:51,126.5,6.5,563.7,1640.3,1440,No,a.rahman,f.ahmed,Evening,No
INC-00082,ALT-001407,2026-05,Policy Violation,Critical,Lateral Movement,2026-05-15 08:40:07,2026-05-15 10:27:39,2026-05-15 10:35:32,2026-05-15 12:07:30,2026-05-18 03:10:02,107.5,7.9,99.9,3882.4,60,Yes,n.akter,j.chowdhury,Morning,No
INC-00083,ALT-001397,2026-05,Phishing,Low,Collection,2026-05-15 06:44:55,2026-05-15 13:21:14,2026-05-15 13:34:56,2026-05-16 16:42:02,2026-05-17 09:11:35,396.3,13.7,1640.8,2630.4,4320,No,r.islam,k.das,Morning,No
INC-00084,ALT-001398,2026-05,Unauthorized Access,Medium,Lateral Movement,2026-05-13 21:48:44,2026-05-15 14:36:38,2026-05-15 14:44:09,2026-05-16 10:01:41,2026-05-16 17:40:57,2447.9,7.5,1165.1,1624.3,1440,No,a.rahman,f.ahmed,Evening,No
INC-00085,ALT-001418,2026-05,Unauthorized Access,High,Defense Evasion,2026-05-16 14:43:28,2026-05-16 15:49:20,2026-05-16 15:52:30,2026-05-16 18:11:38,2026-05-18 19:01:39,65.9,3.2,142.3,3072.3,240,No,n.akter,j.chowdhury,Evening,No
INC-00086,ALT-001414,2026-05,Phishing,Medium,Initial Access,2026-05-16 10:56:16,2026-05-16 16:14:42,2026-05-16 16:22:02,2026-05-17 06:41:21,2026-05-18 19:07:23,318.4,7.3,866.7,3052.7,1440,No,m.hasan,f.ahmed,Evening,No
INC-00087,ALT-001446,2026-05,Data Loss,High,Collection,2026-05-18 10:15:33,2026-05-18 13:12:57,2026-05-18 13:22:48,2026-05-18 15:41:21,2026-05-19 05:24:48,177.4,9.9,148.4,971.9,240,No,s.khatun,f.ahmed,Morning,No
INC-00088,ALT-001456,2026-05,Phishing,High,Defense Evasion,2026-05-17 22:32:36,2026-05-19 16:55:22,2026-05-19 17:02:48,2026-05-19 20:47:10,2026-05-20 22:45:47,2542.8,7.4,231.8,1790.4,240,No,s.khatun,j.chowdhury,Evening,No
INC-00089,ALT-001485,2026-05,Policy Violation,High,Initial Access,2026-05-20 05:42:24,2026-05-20 08:02:30,2026-05-20 08:11:20,2026-05-20 10:46:07,2026-05-21 08:30:41,140.1,8.8,163.6,1468.2,240,No,n.akter,f.ahmed,Morning,No
INC-00090,ALT-001497,2026-05,Phishing,Critical,Initial Access,2026-05-15 00:30:10,2026-05-21 14:12:20,2026-05-21 14:27:04,2026-05-21 15:08:04,2026-05-23 02:31:36,9462.2,14.7,55.7,2179.3,60,No,n.akter,f.ahmed,Evening,No
INC-00091,ALT-001534,2026-05,Phishing,High,Exfiltration,2026-05-22 16:02:58,2026-05-22 18:44:24,2026-05-22 18:49:12,2026-05-22 21:41:40,2026-05-24 06:26:04,161.4,4.8,177.3,2141.7,240,No,a.rahman,j.chowdhury,Evening,No
INC-00092,ALT-001559,2026-05,Recon/Scanning,High,Persistence,2026-05-18 00:23:29,2026-05-25 12:49:02,2026-05-25 12:52:36,2026-05-25 16:43:16,2026-05-26 09:27:24,10825.5,3.6,234.2,1238.4,240,No,s.khatun,j.chowdhury,Morning,No
INC-00093,ALT-001570,2026-05,Unauthorized Access,High,Persistence,2026-05-25 11:58:01,2026-05-25 14:56:22,2026-05-25 14:57:22,2026-05-25 16:37:04,2026-05-27 05:37:00,178.3,1,100.7,2320.6,240,No,s.khatun,f.ahmed,Evening,No
INC-00094,ALT-001576,2026-05,Unauthorized Access,Medium,Execution,2026-05-12 17:21:11,2026-05-26 04:35:52,2026-05-26 05:09:49,2026-05-26 15:52:40,2026-05-27 11:41:46,19394.7,34.0,676.8,1865.9,1440,No,s.khatun,k.das,Night,No
INC-00095,ALT-001574,2026-05,Unauthorized Access,High,Persistence,2026-05-15 12:03:51,2026-05-26 13:11:41,2026-05-26 13:18:39,2026-05-26 17:21:21,2026-05-27 18:33:43,15907.8,7.0,249.7,1762.0,240,Yes,a.rahman,k.das,Morning,No
INC-00096,ALT-001584,2026-05,Phishing,Critical,Credential Access,2026-05-26 13:46:41,2026-05-26 15:20:18,2026-05-26 15:21:18,2026-05-26 16:20:14,2026-05-28 15:24:40,93.6,1,59.9,2884.4,60,No,a.rahman,j.chowdhury,Evening,No
INC-00097,ALT-001601,2026-05,Phishing,Medium,Persistence,2026-05-27 11:56:51,2026-05-27 11:57:51,2026-05-27 12:02:21,2026-05-28 04:00:35,2026-05-28 15:05:20,1,4.5,962.7,1627.5,1440,No,t.begum,k.das,Morning,No
INC-00098,ALT-001624,2026-05,Phishing,High,Privilege Escalation,2026-05-28 13:02:20,2026-05-28 15:55:31,2026-05-28 16:04:03,2026-05-28 19:35:04,2026-05-30 04:14:43,173.2,8.5,219.6,2179.2,240,No,n.akter,f.ahmed,Evening,No
INC-00099,ALT-001615,2026-05,Denial of Service,Medium,Initial Access,2026-05-28 16:15:07,2026-05-28 16:16:07,2026-05-28 16:31:30,2026-05-29 04:54:21,2026-05-29 09:36:59,1,15.4,758.2,1040.9,1440,No,m.hasan,j.chowdhury,Evening,No
INC-00100,ALT-001650,2026-05,Recon/Scanning,High,Defense Evasion,2026-05-25 15:14:23,2026-05-29 10:22:04,2026-05-29 10:28:01,2026-05-29 12:43:43,2026-05-30 10:33:08,5467.7,6.0,141.7,1451.1,240,No,t.begum,j.chowdhury,Morning,No
INC-00101,ALT-001645,2026-05,Recon/Scanning,Critical,Collection,2026-05-29 09:34:05,2026-05-29 12:05:28,2026-05-29 12:12:07,2026-05-29 12:37:18,2026-05-31 04:08:38,151.4,6.7,31.8,2403.2,60,No,r.islam,j.chowdhury,Morning,No
INC-00102,ALT-001655,2026-05,Phishing,Medium,Privilege Escalation,2026-05-30 18:20:43,2026-05-30 21:13:22,2026-05-30 21:15:04,2026-05-31 06:57:55,2026-06-01 00:53:21,172.6,1.7,584.6,1660.0,1440,No,t.begum,k.das,Evening,No
INC-00103,ALT-001661,2026-05,Denial of Service,Critical,Collection,2026-05-31 04:56:43,2026-05-31 08:29:40,2026-05-31 08:33:06,2026-05-31 09:43:32,2026-06-02 19:27:15,212.9,3.4,73.9,3537.6,60,Yes,r.islam,j.chowdhury,Morning,No
INC-00104,ALT-001674,2026-06,Phishing,High,Lateral Movement,2026-06-01 01:47:32,2026-06-01 01:54:10,2026-06-01 02:19:40,2026-06-01 05:21:49,2026-06-02 08:10:55,6.6,25.5,207.7,1816.8,240,No,a.rahman,k.das,Night,No
INC-00105,ALT-001672,2026-06,Unauthorized Access,Medium,Discovery,2026-06-01 03:44:32,2026-06-01 08:39:53,2026-06-01 08:42:19,2026-06-01 10:51:47,2026-06-02 08:06:34,295.3,2.4,131.9,1406.7,1440,No,r.islam,f.ahmed,Morning,No
INC-00106,ALT-001685,2026-06,Unauthorized Access,High,Privilege Escalation,2026-05-31 21:34:40,2026-06-02 13:28:50,2026-06-02 13:36:43,2026-06-02 16:42:27,2026-06-04 01:15:57,2394.2,7.9,193.6,2147.1,240,No,m.hasan,f.ahmed,Morning,No
INC-00107,ALT-001708,2026-06,Recon/Scanning,Critical,Privilege Escalation,2026-06-03 13:24:27,2026-06-03 14:55:50,2026-06-03 15:10:35,2026-06-03 15:29:53,2026-06-05 12:27:40,91.4,14.8,34.1,2731.8,60,No,r.islam,f.ahmed,Evening,No
INC-00108,ALT-001724,2026-06,Malware,Critical,Initial Access,2026-06-04 07:27:17,2026-06-04 07:28:17,2026-06-04 07:32:29,2026-06-04 07:45:48,2026-06-06 06:07:06,1,4.2,17.5,2798.8,60,No,r.islam,f.ahmed,Morning,No
INC-00109,ALT-001735,2026-06,Malware,High,Exfiltration,2026-06-04 15:03:27,2026-06-04 18:58:46,2026-06-04 19:09:03,2026-06-04 23:35:07,2026-06-06 20:08:58,235.3,10.3,276.4,2950.2,240,Yes,r.islam,j.chowdhury,Evening,No
INC-00110,ALT-001751,2026-06,Policy Violation,Medium,Privilege Escalation,2026-06-05 06:59:18,2026-06-05 15:13:07,2026-06-05 15:24:22,2026-06-06 12:53:36,2026-06-07 13:03:56,493.8,11.3,1300.5,2750.8,1440,No,t.begum,k.das,Evening,No
INC-00111,ALT-001770,2026-06,Unauthorized Access,Medium,Initial Access,2026-06-07 11:12:34,2026-06-07 14:23:43,2026-06-07 14:31:43,2026-06-08 05:04:13,2026-06-09 10:20:36,191.1,8.0,880.5,2636.9,1440,No,s.khatun,j.chowdhury,Evening,No
INC-00112,ALT-001786,2026-06,Denial of Service,Medium,Impact,2026-06-08 08:55:13,2026-06-08 15:17:17,2026-06-08 15:31:53,2026-06-09 11:20:44,2026-06-10 05:06:48,382.1,14.6,1203.5,2269.5,1440,No,a.rahman,k.das,Evening,No
INC-00113,ALT-001787,2026-06,Policy Violation,High,Initial Access,2026-06-09 10:37:16,2026-06-09 12:43:49,2026-06-09 12:49:25,2026-06-09 15:08:48,2026-06-11 20:56:20,126.5,5.6,145.0,3372.5,240,No,n.akter,f.ahmed,Morning,No
INC-00114,ALT-001789,2026-06,Recon/Scanning,Low,Privilege Escalation,2026-06-09 09:35:57,2026-06-09 17:12:08,2026-06-09 17:28:22,2026-06-11 06:26:33,2026-06-12 20:46:39,456.2,16.2,2234.4,4534.5,4320,No,r.islam,f.ahmed,Evening,No
INC-00115,ALT-001797,2026-06,Denial of Service,Medium,Lateral Movement,2026-06-09 14:52:25,2026-06-09 19:49:26,2026-06-09 20:04:54,2026-06-10 08:37:10,2026-06-11 04:26:44,297.0,15.5,767.7,1957.3,1440,No,n.akter,j.chowdhury,Evening,No
INC-00116,ALT-001825,2026-06,Phishing,Low,Credential Access,2026-06-07 09:36:40,2026-06-10 08:29:20,2026-06-10 08:30:40,2026-06-12 02:34:58,2026-06-12 14:44:23,4252.7,1.3,2525.6,3255.1,4320,No,r.islam,j.chowdhury,Morning,No
INC-00117,ALT-001832,2026-06,Data Loss,Low,Lateral Movement,2026-06-11 07:24:55,2026-06-11 09:30:31,2026-06-11 09:36:23,2026-06-12 07:42:55,2026-06-12 20:18:00,125.6,5.9,1332.4,2087.5,4320,No,s.khatun,f.ahmed,Morning,No
INC-00118,ALT-001833,2026-06,Phishing,Medium,Persistence,2026-06-11 09:21:20,2026-06-11 12:17:38,2026-06-11 12:26:05,2026-06-11 22:42:46,2026-06-12 07:42:50,176.3,8.5,625.1,1165.2,1440,No,t.begum,k.das,Morning,No
INC-00119,ALT-001844,2026-06,Phishing,Low,Persistence,2026-06-11 10:25:53,2026-06-11 15:16:50,2026-06-11 15:17:50,2026-06-13 23:06:38,2026-06-13 23:36:38,290.9,1,3349.8,3379.8,4320,No,s.khatun,f.ahmed,Evening,No
INC-00120,ALT-001862,2026-06,Malware,Low,Privilege Escalation,2026-06-11 22:19:16,2026-06-12 02:08:18,2026-06-12 02:18:57,2026-06-14 00:03:19,2026-06-14 15:49:29,229.0,10.7,2755.0,3701.2,4320,No,r.islam,k.das,Night,No
INC-00121,ALT-001878,2026-06,Phishing,Medium,Defense Evasion,2026-06-14 12:09:55,2026-06-14 19:19:55,2026-06-14 19:33:15,2026-06-15 00:51:25,2026-06-15 21:04:11,430.0,13.3,331.5,1544.3,1440,No,s.khatun,j.chowdhury,Evening,No
INC-00122,ALT-001895,2026-06,Recon/Scanning,Critical,Impact,2026-06-15 16:42:19,2026-06-15 19:16:35,2026-06-15 19:26:57,2026-06-15 20:28:17,2026-06-18 08:31:40,154.3,10.4,71.7,3675.1,60,Yes,r.islam,f.ahmed,Evening,No
INC-00123,ALT-001898,2026-06,Phishing,Medium,Privilege Escalation,2026-06-16 05:22:49,2026-06-16 07:31:44,2026-06-16 07:40:14,2026-06-16 22:59:43,2026-06-17 03:58:26,128.9,8.5,928.0,1226.7,1440,No,a.rahman,f.ahmed,Morning,No
INC-00124,ALT-001899,2026-06,Malware,Critical,Persistence,2026-06-16 07:01:31,2026-06-16 09:42:55,2026-06-16 09:52:54,2026-06-16 10:24:34,2026-06-18 17:09:30,161.4,10.0,41.7,3326.6,60,No,r.islam,j.chowdhury,Morning,No
INC-00125,ALT-001904,2026-06,Unauthorized Access,High,Initial Access,2026-06-16 09:11:14,2026-06-16 10:56:11,2026-06-16 11:05:04,2026-06-16 11:08:04,2026-06-17 10:52:48,104.9,8.9,11.9,1436.6,240,No,s.khatun,f.ahmed,Morning,No
INC-00126,ALT-001932,2026-06,Policy Violation,Medium,Execution,2026-06-12 16:57:21,2026-06-17 16:58:21,2026-06-17 17:07:41,2026-06-17 22:37:43,2026-06-18 19:57:37,7201,9.3,339.4,1619.3,1440,No,a.rahman,k.das,Evening,No
INC-00127,ALT-001941,2026-06,Unauthorized Access,Critical,Privilege Escalation,2026-06-17 06:21:55,2026-06-18 09:01:44,2026-06-18 09:08:02,2026-06-18 09:50:00,2026-06-20 07:36:32,1599.8,6.3,48.3,2794.8,60,No,n.akter,f.ahmed,Morning,No
INC-00128,ALT-001935,2026-06,Recon/Scanning,High,Impact,2026-06-18 06:10:52,2026-06-18 09:30:26,2026-06-18 09:35:20,2026-06-18 15:03:28,2026-06-20 00:49:04,199.6,4.9,333.0,2358.6,240,Yes,a.rahman,k.das,Morning,No
INC-00129,ALT-001953,2026-06,Unauthorized Access,Medium,Command and Control,2026-06-18 12:22:03,2026-06-18 17:43:03,2026-06-18 17:44:30,2026-06-19 00:23:59,2026-06-19 19:04:45,321.0,1.5,400.9,1521.7,1440,No,n.akter,f.ahmed,Evening,No
INC-00130,ALT-001974,2026-06,Malware,High,Command and Control,2026-06-19 05:36:55,2026-06-19 08:46:26,2026-06-19 08:52:52,2026-06-19 11:35:56,2026-06-20 13:54:08,189.5,6.4,169.5,1747.7,240,No,s.khatun,f.ahmed,Morning,No
INC-00131,ALT-001972,2026-06,Phishing,High,Collection,2026-06-19 11:40:30,2026-06-19 13:58:34,2026-06-19 14:07:41,2026-06-19 16:12:20,2026-06-20 22:57:29,138.1,9.1,133.8,1978.9,240,No,n.akter,f.ahmed,Morning,No
INC-00132,ALT-001965,2026-06,Phishing,Medium,Execution,2026-06-19 17:48:54,2026-06-19 20:51:43,2026-06-19 21:05:54,2026-06-20 00:10:40,2026-06-20 00:40:40,182.8,14.2,199.0,229.0,1440,No,t.begum,f.ahmed,Evening,No
INC-00133,ALT-001983,2026-06,Policy Violation,Medium,Defense Evasion,2026-06-20 04:01:32,2026-06-20 08:22:35,2026-06-20 08:24:48,2026-06-20 19:37:40,2026-06-21 02:42:11,261.0,2.2,675.1,1099.6,1440,No,n.akter,j.chowdhury,Morning,No
INC-00134,ALT-001989,2026-06,Phishing,Medium,Exfiltration,2026-06-21 09:38:35,2026-06-21 09:39:35,2026-06-21 09:45:17,2026-06-21 21:12:10,2026-06-22 14:16:50,1,5.7,692.6,1717.3,1440,No,t.begum,f.ahmed,Morning,No
INC-00135,ALT-001987,2026-06,Phishing,Critical,Command and Control,2026-06-21 06:54:43,2026-06-21 11:10:26,2026-06-21 11:16:59,2026-06-21 11:23:10,2026-06-22 19:03:20,255.7,6.6,12.7,1912.9,60,No,a.rahman,f.ahmed,Morning,No
INC-00136,ALT-001984,2026-06,Phishing,High,Persistence,2026-06-21 06:28:01,2026-06-21 11:31:22,2026-06-21 11:38:26,2026-06-21 14:37:54,2026-06-22 09:54:18,303.3,7.1,186.5,1342.9,240,No,s.khatun,k.das,Morning,Yes
INC-00137,ALT-001988,2026-06,Unauthorized Access,Critical,Exfiltration,2026-06-21 08:33:06,2026-06-21 12:08:04,2026-06-21 12:14:04,2026-06-21 13:21:50,2026-06-23 22:21:56,215.0,6.0,73.8,3493.9,60,Yes,m.hasan,j.chowdhury,Morning,Yes
INC-00138,ALT-001991,2026-06,Malware,Medium,Execution,2026-06-22 09:26:02,2026-06-22 10:08:28,2026-06-22 10:20:58,2026-06-22 23:01:20,2026-06-23 21:27:22,42.4,12.5,772.9,2118.9,1440,No,n.akter,k.das,Morning,No
INC-00139,ALT-002063,2026-06,Phishing,High,Defense Evasion,2026-06-25 01:02:30,2026-06-25 06:15:21,2026-06-25 06:18:50,2026-06-25 10:22:47,2026-06-25 23:30:16,312.8,3.5,247.4,1034.9,240,Yes,a.rahman,j.chowdhury,Morning,No
INC-00140,ALT-002064,2026-06,Unauthorized Access,High,Command and Control,2026-06-25 05:35:25,2026-06-25 07:33:59,2026-06-25 07:39:59,2026-06-25 11:37:14,2026-06-26 13:36:05,118.6,6.0,243.3,1802.1,240,Yes,r.islam,j.chowdhury,Morning,No
INC-00141,ALT-002059,2026-06,Recon/Scanning,Medium,Execution,2026-06-11 13:17:42,2026-06-25 08:37:35,2026-06-25 08:42:28,2026-06-26 06:47:51,2026-06-27 14:04:48,19879.9,4.9,1330.3,3207.2,1440,No,t.begum,k.das,Morning,No
INC-00142,ALT-002058,2026-06,Malware,Low,Execution,2026-06-25 10:29:15,2026-06-25 10:30:15,2026-06-25 10:31:29,2026-06-27 02:52:19,2026-06-28 06:30:47,1,1.2,2422.1,4080.5,4320,No,m.hasan,k.das,Morning,No
INC-00143,ALT-002053,2026-06,Phishing,High,Persistence,2026-06-25 11:23:15,2026-06-25 13:36:26,2026-06-25 13:41:45,2026-06-25 16:05:10,2026-06-27 00:06:43,133.2,5.3,148.7,2070.3,240,No,t.begum,f.ahmed,Morning,No
INC-00144,ALT-002084,2026-06,Phishing,Medium,Command and Control,2026-06-26 07:51:47,2026-06-26 09:47:01,2026-06-26 09:48:01,2026-06-26 21:45:01,2026-06-27 07:14:10,115.2,1,718.0,1287.2,1440,No,t.begum,j.chowdhury,Morning,No
INC-00145,ALT-002071,2026-06,Policy Violation,High,Execution,2026-06-26 08:11:04,2026-06-26 12:30:25,2026-06-26 12:35:05,2026-06-26 14:45:03,2026-06-27 00:51:27,259.3,4.7,134.6,741.0,240,No,m.hasan,j.chowdhury,Morning,Yes
INC-00146,ALT-002079,2026-06,Recon/Scanning,Medium,Command and Control,2026-06-26 09:46:17,2026-06-26 15:50:41,2026-06-26 15:56:04,2026-06-27 04:30:42,2026-06-28 05:13:51,364.4,5.4,760.0,2243.2,1440,No,r.islam,k.das,Evening,No
INC-00147,ALT-002093,2026-06,Malware,Medium,Privilege Escalation,2026-06-28 12:38:32,2026-06-28 16:56:06,2026-06-28 17:01:58,2026-06-28 23:08:40,2026-06-29 06:17:44,257.6,5.9,372.6,801.6,1440,No,t.begum,f.ahmed,Evening,No
INC-00148,ALT-002110,2026-06,Policy Violation,Medium,Lateral Movement,2026-06-29 05:35:08,2026-06-29 11:54:01,2026-06-29 12:01:29,2026-06-29 22:56:00,2026-06-30 11:50:42,378.9,7.5,662.0,1436.7,1440,No,a.rahman,k.das,Morning,No
INC-00149,ALT-002104,2026-06,Phishing,Medium,Privilege Escalation,2026-06-22 20:26:26,2026-06-29 14:46:12,2026-06-29 14:52:09,2026-06-30 04:42:19,2026-06-30 19:39:58,9739.8,6.0,836.1,1733.8,1440,No,a.rahman,k.das,Evening,No
INC-00150,ALT-002103,2026-06,Policy Violation,Medium,Privilege Escalation,2026-06-29 10:57:08,2026-06-29 15:31:55,2026-06-29 15:47:17,2026-06-30 09:12:09,2026-07-01 08:30:23,274.8,15.4,1060.2,2458.5,1440,No,m.hasan,f.ahmed,Evening,No
INC-00151,ALT-002097,2026-06,Phishing,High,Initial Access,2026-06-29 18:31:09,2026-06-29 18:56:02,2026-06-29 19:09:28,2026-06-29 21:55:31,2026-07-01 05:03:47,24.9,13.4,179.5,2047.8,240,No,s.khatun,f.ahmed,Evening,No
INC-00152,ALT-002130,2026-06,Policy Violation,Medium,Execution,2026-06-30 08:34:57,2026-06-30 12:59:17,2026-06-30 13:08:52,2026-07-01 01:55:10,2026-07-01 05:28:42,264.3,9.6,775.9,989.4,1440,No,t.begum,j.chowdhury,Morning,No
INC-00153,ALT-002119,2026-06,Phishing,Medium,Collection,2026-06-30 08:03:23,2026-06-30 13:18:27,2026-06-30 13:25:30,2026-07-01 01:54:39,2026-07-01 23:57:12,315.1,7.1,756.2,2078.8,1440,No,n.akter,j.chowdhury,Morning,No
INC-00154,ALT-002134,2026-06,Phishing,High,Discovery,2026-06-30 14:34:00,2026-06-30 15:20:58,2026-06-30 15:32:40,2026-06-30 16:49:48,2026-07-02 09:47:52,47.0,11.7,88.8,2546.9,240,No,n.akter,k.das,Evening,No
INC-00155,ALT-002120,2026-06,Unauthorized Access,High,Privilege Escalation,2026-06-30 13:55:31,2026-06-30 16:42:07,2026-06-30 16:54:24,2026-06-30 19:09:00,2026-07-02 07:38:45,166.6,12.3,146.9,2336.6,240,No,n.akter,j.chowdhury,Evening,No
INC-00156,ALT-002132,2026-06,Malware,High,Lateral Movement,2026-06-28 14:24:50,2026-06-30 22:50:54,2026-06-30 23:13:36,2026-07-01 02:52:56,2026-07-02 06:38:12,3386.1,22.7,242.0,1907.3,240,Yes,m.hasan,k.das,Night,Yes
INC-00157,ALT-002154,2026-07,Phishing,High,Lateral Movement,2026-07-01 12:25:41,2026-07-01 13:25:07,2026-07-01 13:26:07,2026-07-01 17:41:48,2026-07-02 11:59:33,59.4,1,256.7,1354.4,240,Yes,a.rahman,f.ahmed,Morning,No
INC-00158,ALT-002142,2026-07,Malware,High,Privilege Escalation,2026-06-19 21:15:31,2026-07-01 14:47:30,2026-07-01 15:01:39,2026-07-01 17:27:21,2026-07-03 17:03:36,16892.0,14.2,159.9,3016.1,240,No,n.akter,k.das,Evening,No
INC-00159,ALT-002138,2026-07,Policy Violation,High,Discovery,2026-06-21 20:50:22,2026-07-01 17:19:56,2026-07-01 17:25:53,2026-07-01 20:07:08,2026-07-04 07:51:53,14189.6,6.0,167.2,3752.0,240,No,n.akter,j.chowdhury,Evening,No
INC-00160,ALT-002146,2026-07,Phishing,Critical,Lateral Movement,2026-07-01 15:58:02,2026-07-01 17:43:42,2026-07-01 17:50:06,2026-07-01 18:54:49,2026-07-03 15:05:30,105.7,6.4,71.1,2721.8,60,Yes,n.akter,j.chowdhury,Evening,Yes
INC-00161,ALT-002157,2026-07,Policy Violation,Medium,Persistence,2026-07-02 05:43:11,2026-07-02 09:43:42,2026-07-02 09:50:28,2026-07-03 00:55:26,2026-07-04 05:15:59,240.5,6.8,911.7,2612.3,1440,No,s.khatun,k.das,Morning,Yes
INC-00162,ALT-002162,2026-07,Phishing,Critical,Collection,2026-07-02 07:33:47,2026-07-02 10:17:29,2026-07-02 10:20:27,2026-07-02 11:09:57,2026-07-04 03:09:54,163.7,3.0,52.5,2452.4,60,No,m.hasan,f.ahmed,Morning,No
INC-00163,ALT-002163,2026-07,Recon/Scanning,Low,Credential Access,2026-07-02 07:54:12,2026-07-02 11:21:11,2026-07-02 11:31:55,2026-07-03 14:48:43,2026-07-03 21:08:35,207.0,10.7,1647.5,2027.4,4320,No,r.islam,k.das,Morning,No
INC-00164,ALT-002164,2026-07,Recon/Scanning,High,Persistence,2026-07-02 19:51:26,2026-07-02 22:36:55,2026-07-02 22:56:50,2026-07-03 00:45:50,2026-07-04 22:18:00,165.5,19.9,128.9,2861.1,240,No,t.begum,j.chowdhury,Night,No
INC-00165,ALT-002182,2026-07,Policy Violation,High,Impact,2026-07-03 11:32:24,2026-07-03 12:38:15,2026-07-03 12:48:42,2026-07-03 15:30:42,2026-07-04 21:49:10,65.8,10.5,172.5,1990.9,240,No,a.rahman,f.ahmed,Morning,No
INC-00166,ALT-002183,2026-07,Phishing,Medium,Exfiltration,2026-07-03 18:12:18,2026-07-03 18:42:52,2026-07-03 18:53:48,2026-07-04 00:34:44,2026-07-04 01:04:44,30.6,10.9,351.9,381.9,1440,No,t.begum,j.chowdhury,Evening,No
INC-00167,ALT-002231,2026-07,Policy Violation,High,Lateral Movement,2026-06-25 06:58:15,2026-07-07 14:07:58,2026-07-07 14:17:07,2026-07-07 15:22:49,2026-07-09 16:22:30,17709.7,9.2,74.9,3014.5,240,No,r.islam,j.chowdhury,Evening,No
INC-00168,ALT-002253,2026-07,Malware,High,Defense Evasion,2026-07-09 06:21:44,2026-07-09 07:49:45,2026-07-09 07:53:26,2026-07-09 11:43:49,2026-07-09 12:13:49,88.0,3.7,234.1,264.1,240,No,t.begum,j.chowdhury,Morning,No
INC-00169,ALT-002260,2026-07,Policy Violation,High,Discovery,2026-07-09 06:47:18,2026-07-09 09:32:07,2026-07-09 09:41:57,2026-07-09 11:27:09,2026-07-10 23:17:19,164.8,9.8,115.0,2265.2,240,No,t.begum,k.das,Morning,No
INC-00170,ALT-002258,2026-07,Unauthorized Access,Critical,Defense Evasion,2026-07-09 20:13:27,2026-07-09 20:39:18,2026-07-09 20:50:19,2026-07-09 21:21:05,2026-07-11 22:47:39,25.8,11.0,41.8,3008.4,60,No,a.rahman,j.chowdhury,Evening,No
INC-00171,ALT-002286,2026-07,Policy Violation,Low,Command and Control,2026-07-10 12:37:58,2026-07-10 16:53:36,2026-07-10 16:58:20,2026-07-11 19:16:33,2026-07-13 02:48:28,255.6,4.7,1583.0,3474.9,4320,No,s.khatun,k.das,Evening,No
INC-00172,ALT-002273,2026-07,Malware,High,Collection,2026-07-10 19:05:34,2026-07-10 22:37:09,2026-07-10 22:58:47,2026-07-10 23:46:19,2026-07-11 08:15:22,211.6,21.6,69.2,578.2,240,No,n.akter,k.das,Night,No
INC-00173,ALT-002292,2026-07,Unauthorized Access,High,Credential Access,2026-07-10 15:15:10,2026-07-12 13:34:18,2026-07-12 13:36:28,2026-07-12 15:58:22,2026-07-13 22:53:19,2779.1,2.2,144.1,1999.0,240,No,n.akter,j.chowdhury,Morning,No
INC-00174,ALT-002317,2026-07,Malware,Low,Privilege Escalation,2026-07-02 12:45:47,2026-07-13 08:26:47,2026-07-13 08:32:12,2026-07-13 15:56:34,2026-07-14 13:59:54,15581,5.4,449.8,1773.1,4320,No,m.hasan,f.ahmed,Morning,No
INC-00175,ALT-002320,2026-07,Malware,Critical,Collection,2026-07-02 18:46:53,2026-07-13 08:56:08,2026-07-13 09:03:15,2026-07-13 09:35:00,2026-07-14 22:25:18,15249.2,7.1,38.9,2249.2,60,No,t.begum,f.ahmed,Morning,No
INC-00176,ALT-002304,2026-07,Recon/Scanning,Medium,Privilege Escalation,2026-07-13 06:48:43,2026-07-13 08:59:27,2026-07-13 09:02:11,2026-07-13 23:14:48,2026-07-14 16:37:33,130.7,2.7,855.4,1898.1,1440,No,t.begum,k.das,Morning,No
INC-00177,ALT-002319,2026-07,Malware,Medium,Execution,2026-07-13 09:18:03,2026-07-13 10:37:13,2026-07-13 10:39:57,2026-07-13 20:43:29,2026-07-13 21:13:29,79.2,2.7,606.3,636.3,1440,No,a.rahman,f.ahmed,Morning,No
INC-00178,ALT-002335,2026-07,Unauthorized Access,High,Impact,2026-07-13 07:36:42,2026-07-13 11:58:18,2026-07-13 12:07:49,2026-07-13 14:12:44,2026-07-15 00:07:02,261.6,9.5,134.4,2168.7,240,No,n.akter,k.das,Morning,No
INC-00179,ALT-002349,2026-07,Phishing,High,Discovery,2026-07-14 06:42:52,2026-07-14 07:49:22,2026-07-14 07:54:29,2026-07-14 10:27:40,2026-07-15 03:35:39,66.5,5.1,158.3,1186.3,240,No,m.hasan,j.chowdhury,Morning,No
INC-00180,ALT-002372,2026-07,Malware,High,Impact,2026-07-14 11:23:07,2026-07-14 11:24:07,2026-07-14 11:31:05,2026-07-14 14:46:17,2026-07-15 19:13:20,1,7.0,202.2,1909.2,240,No,s.khatun,k.das,Morning,No
INC-00181,ALT-002353,2026-07,Malware,Medium,Lateral Movement,2026-07-14 13:03:37,2026-07-14 17:23:33,2026-07-14 17:32:44,2026-07-14 23:50:11,2026-07-16 04:37:54,259.9,9.2,386.6,2114.4,1440,No,a.rahman,k.das,Evening,No
INC-00182,ALT-002387,2026-07,Denial of Service,Medium,Discovery,2026-07-15 03:22:12,2026-07-15 08:13:57,2026-07-15 08:18:08,2026-07-15 17:08:27,2026-07-15 22:29:58,291.7,4.2,534.5,856.0,1440,No,r.islam,k.das,Morning,No
INC-00183,ALT-002405,2026-07,Phishing,Medium,Persistence,2026-07-15 08:14:36,2026-07-15 09:14:50,2026-07-15 09:21:38,2026-07-16 09:05:10,2026-07-16 21:02:41,60.2,6.8,1430.3,2147.9,1440,No,a.rahman,f.ahmed,Morning,No
INC-00184,ALT-002403,2026-07,Phishing,High,Defense Evasion,2026-07-10 22:44:29,2026-07-15 10:11:00,2026-07-15 10:18:03,2026-07-15 12:32:53,2026-07-16 18:58:30,6446.5,7.1,141.9,1967.5,240,No,n.akter,j.chowdhury,Morning,No
INC-00185,ALT-002402,2026-07,Phishing,Critical,Initial Access,2026-07-15 11:45:09,2026-07-15 15:51:10,2026-07-15 15:58:20,2026-07-15 16:26:50,2026-07-17 10:56:52,246.0,7.2,35.7,2585.7,60,No,a.rahman,k.das,Evening,No
INC-00186,ALT-002417,2026-07,Malware,Low,Impact,2026-07-15 13:46:32,2026-07-15 16:09:58,2026-07-15 16:15:58,2026-07-16 18:09:13,2026-07-17 04:36:22,143.4,6.0,1559.3,2186.4,4320,No,a.rahman,j.chowdhury,Evening,No
INC-00187,ALT-002386,2026-07,Phishing,Medium,Collection,2026-07-15 13:59:09,2026-07-15 16:49:24,2026-07-15 16:57:05,2026-07-16 03:25:44,2026-07-18 00:16:34,170.2,7.7,636.3,3327.2,1440,No,s.khatun,j.chowdhury,Evening,No
INC-00188,ALT-002411,2026-07,Phishing,Medium,Collection,2026-07-15 17:15:43,2026-07-15 18:13:10,2026-07-15 18:21:59,2026-07-15 22:30:02,2026-07-16 13:56:54,57.4,8.8,256.9,1183.7,1440,No,r.islam,k.das,Evening,No
INC-00189,ALT-002460,2026-07,Policy Violation,Critical,Discovery,2026-07-16 02:05:59,2026-07-16 02:37:13,2026-07-16 02:50:55,2026-07-16 03:43:28,2026-07-17 19:16:53,31.2,13.7,66.3,2439.7,60,Yes,n.akter,j.chowdhury,Night,No
INC-00190,ALT-002436,2026-07,Recon/Scanning,Critical,Initial Access,2026-07-16 05:53:51,2026-07-16 07:11:33,2026-07-16 07:13:14,2026-07-16 08:20:16,2026-07-17 09:39:26,77.7,1.7,68.7,1587.9,60,Yes,a.rahman,k.das,Morning,No
INC-00191,ALT-002445,2026-07,Recon/Scanning,High,Initial Access,2026-07-16 04:16:19,2026-07-16 07:57:18,2026-07-16 08:03:48,2026-07-16 11:21:05,2026-07-17 03:57:22,221.0,6.5,203.8,1200.1,240,No,n.akter,j.chowdhury,Morning,No
INC-00192,ALT-002467,2026-07,Phishing,High,Execution,2026-07-16 10:20:01,2026-07-16 13:46:16,2026-07-16 13:52:21,2026-07-16 17:26:42,2026-07-18 22:48:26,206.2,6.1,220.4,3422.2,240,No,m.hasan,f.ahmed,Morning,No
INC-00193,ALT-002458,2026-07,Phishing,Low,Command and Control,2026-07-16 13:43:58,2026-07-16 13:52:00,2026-07-16 13:53:00,2026-07-18 05:12:10,2026-07-18 05:42:10,8.0,1,2360.2,2390.2,4320,No,n.akter,k.das,Morning,No
INC-00194,ALT-002501,2026-07,Recon/Scanning,Low,Credential Access,2026-07-17 08:30:57,2026-07-17 08:56:46,2026-07-17 09:03:43,2026-07-18 00:25:37,2026-07-18 13:03:08,25.8,7.0,928.9,1686.4,4320,No,n.akter,k.das,Morning,No
INC-00195,ALT-002483,2026-07,Policy Violation,High,Persistence,2026-07-17 06:54:06,2026-07-17 09:41:35,2026-07-17 09:45:31,2026-07-17 10:39:23,2026-07-19 00:35:40,167.5,3.9,57.8,2334.1,240,No,t.begum,j.chowdhury,Morning,No
INC-00196,ALT-002510,2026-07,Denial of Service,High,Execution,2026-07-17 07:52:35,2026-07-17 10:11:12,2026-07-17 10:16:40,2026-07-17 11:42:51,2026-07-18 20:05:20,138.6,5.5,91.7,2034.1,240,No,n.akter,k.das,Morning,No
INC-00197,ALT-002478,2026-07,Phishing,Medium,Collection,2026-07-17 06:51:36,2026-07-17 14:03:33,2026-07-17 14:17:33,2026-07-17 21:12:18,2026-07-18 09:25:18,431.9,14.0,428.8,1161.8,1440,No,t.begum,k.das,Evening,No
INC-00198,ALT-002471,2026-07,Unauthorized Access,Medium,Defense Evasion,2026-07-07 11:53:41,2026-07-17 16:35:31,2026-07-17 16:42:23,2026-07-18 06:02:41,2026-07-18 06:32:41,14681.8,6.9,807.2,837.2,1440,No,s.khatun,k.das,Evening,No
INC-00199,ALT-002477,2026-07,Malware,High,Exfiltration,2026-07-09 07:55:51,2026-07-17 18:19:05,2026-07-17 18:26:13,2026-07-17 21:48:11,2026-07-19 16:34:51,12143.2,7.1,209.1,2775.8,240,No,t.begum,f.ahmed,Evening,No
INC-00200,ALT-002500,2026-07,Malware,Low,Initial Access,2026-07-17 16:28:27,2026-07-17 22:16:38,2026-07-17 22:47:57,2026-07-20 07:19:10,2026-07-20 09:02:49,348.2,31.3,3422.5,3526.2,4320,No,t.begum,j.chowdhury,Night,Yes
INC-00201,ALT-002521,2026-07,Unauthorized Access,Medium,Discovery,2026-07-04 06:29:57,2026-07-18 10:22:36,2026-07-18 10:24:47,2026-07-18 19:35:41,2026-07-19 17:16:45,20392.6,2.2,553.1,1854.2,1440,No,s.khatun,f.ahmed,Morning,No
INC-00202,ALT-002537,2026-07,Phishing,Medium,Initial Access,2026-07-16 14:45:43,2026-07-18 11:39:00,2026-07-18 11:46:31,2026-07-19 03:39:36,2026-07-20 21:03:21,2693.3,7.5,960.6,3444.4,1440,No,t.begum,j.chowdhury,Morning,No
INC-00203,ALT-002546,2026-07,Unauthorized Access,Medium,Execution,2026-07-19 03:26:54,2026-07-19 06:21:05,2026-07-19 06:28:41,2026-07-19 14:42:51,2026-07-20 09:10:24,174.2,7.6,501.8,1609.3,1440,No,m.hasan,f.ahmed,Morning,No
INC-00204,ALT-002554,2026-07,Phishing,Medium,Exfiltration,2026-07-19 06:29:08,2026-07-19 09:11:25,2026-07-19 09:16:32,2026-07-19 14:20:48,2026-07-20 13:59:00,162.3,5.1,309.4,1727.6,1440,No,r.islam,j.chowdhury,Morning,No
INC-00205,ALT-002553,2026-07,Phishing,High,Initial Access,2026-07-19 12:05:39,2026-07-19 13:39:27,2026-07-19 13:44:31,2026-07-19 16:36:05,2026-07-21 05:28:56,93.8,5.1,176.6,2389.5,240,No,s.khatun,j.chowdhury,Morning,No
INC-00206,ALT-002542,2026-07,Data Loss,Medium,Discovery,2026-07-19 12:21:20,2026-07-19 17:09:26,2026-07-19 17:19:16,2026-07-19 23:42:06,2026-07-20 11:00:29,288.1,9.8,392.7,1071.1,1440,No,n.akter,f.ahmed,Evening,No
INC-00207,ALT-002572,2026-07,Phishing,Critical,Lateral Movement,2026-07-20 22:46:36,2026-07-20 22:47:36,2026-07-20 22:57:04,2026-07-20 23:15:26,2026-07-22 10:50:46,1,9.5,27.8,2163.2,60,No,t.begum,f.ahmed,Night,No
INC-00208,ALT-002587,2026-07,Data Loss,Medium,Initial Access,2026-07-21 08:06:14,2026-07-21 13:35:19,2026-07-21 13:39:52,2026-07-21 21:50:32,2026-07-22 03:03:32,329.1,4.6,495.2,808.2,1440,No,m.hasan,k.das,Morning,No
INC-00209,ALT-002590,2026-07,Phishing,High,Persistence,2026-07-21 15:33:09,2026-07-21 15:42:45,2026-07-21 15:50:23,2026-07-21 17:51:46,2026-07-23 08:55:10,9.6,7.6,129.0,2472.4,240,No,t.begum,f.ahmed,Evening,No
INC-00210,ALT-002659,2026-07,Phishing,High,Command and Control,2026-07-24 10:53:27,2026-07-24 13:40:07,2026-07-24 13:41:38,2026-07-24 17:00:04,2026-07-25 21:22:25,166.7,1.5,200.0,1902.3,240,No,s.khatun,k.das,Morning,No
INC-00211,ALT-002661,2026-07,Malware,High,Command and Control,2026-07-24 11:09:34,2026-07-24 14:49:50,2026-07-24 14:54:03,2026-07-24 18:22:50,2026-07-26 17:20:31,220.3,4.2,213.0,3030.7,240,No,t.begum,j.chowdhury,Evening,No
INC-00212,ALT-002649,2026-07,Policy Violation,Critical,Discovery,2026-07-24 14:41:59,2026-07-24 15:49:41,2026-07-24 16:00:18,2026-07-24 16:44:44,2026-07-26 16:53:14,67.7,10.6,55.1,2943.6,60,No,r.islam,f.ahmed,Evening,No
INC-00213,ALT-002662,2026-07,Phishing,High,Credential Access,2026-07-24 14:35:03,2026-07-24 16:44:36,2026-07-24 16:56:57,2026-07-24 17:37:59,2026-07-26 05:53:53,129.5,12.4,53.4,2229.3,240,No,r.islam,f.ahmed,Evening,No
INC-00214,ALT-002671,2026-07,Recon/Scanning,High,Privilege Escalation,2026-07-27 16:53:12,2026-07-27 18:44:59,2026-07-27 18:54:02,2026-07-27 20:42:46,2026-07-28 18:26:23,111.8,9.1,117.8,1421.4,240,No,s.khatun,f.ahmed,Evening,No
INC-00215,ALT-002703,2026-07,Phishing,High,Impact,2026-07-28 12:09:14,2026-07-28 14:12:08,2026-07-28 14:23:35,2026-07-28 16:09:30,2026-07-30 12:58:44,122.9,11.5,117.4,2806.6,240,No,n.akter,f.ahmed,Evening,No
INC-00216,ALT-002696,2026-07,Denial of Service,Critical,Impact,2026-07-15 15:57:51,2026-07-28 15:15:49,2026-07-28 15:20:58,2026-07-28 16:03:32,2026-07-31 07:43:39,18678.0,5.2,47.7,3867.8,60,No,t.begum,k.das,Evening,No
INC-00217,ALT-002708,2026-07,Policy Violation,Low,Persistence,2026-07-28 11:50:44,2026-07-28 17:48:35,2026-07-28 17:58:57,2026-07-30 11:38:33,2026-07-30 16:35:10,357.8,10.4,2510.0,2806.6,4320,No,s.khatun,k.das,Evening,No
INC-00218,ALT-002695,2026-07,Policy Violation,High,Credential Access,2026-07-28 15:26:34,2026-07-28 19:28:07,2026-07-28 19:32:10,2026-07-28 21:47:32,2026-07-31 09:40:26,241.5,4.1,139.4,3732.3,240,No,t.begum,f.ahmed,Evening,No
INC-00219,ALT-002728,2026-07,Unauthorized Access,Medium,Persistence,2026-07-29 06:57:13,2026-07-29 08:49:57,2026-07-29 08:56:29,2026-07-29 14:39:11,2026-07-31 06:55:17,112.7,6.5,349.2,2765.3,1440,No,n.akter,f.ahmed,Morning,No
INC-00220,ALT-002718,2026-07,Phishing,High,Exfiltration,2026-07-29 09:11:57,2026-07-29 12:08:57,2026-07-29 12:13:43,2026-07-29 15:40:05,2026-07-30 14:23:41,177.0,4.8,211.1,1574.7,240,No,r.islam,k.das,Morning,Yes
INC-00221,ALT-002732,2026-07,Policy Violation,High,Credential Access,2026-07-25 00:01:18,2026-07-29 13:47:18,2026-07-29 13:53:55,2026-07-29 18:15:31,2026-07-30 14:05:32,6586.0,6.6,268.2,1458.2,240,Yes,r.islam,f.ahmed,Morning,No
INC-00222,ALT-002723,2026-07,Malware,High,Lateral Movement,2026-07-29 14:04:50,2026-07-29 15:26:28,2026-07-29 15:30:26,2026-07-29 17:18:23,2026-07-31 04:22:14,81.6,4.0,111.9,2215.8,240,No,r.islam,k.das,Evening,No
INC-00223,ALT-002719,2026-07,Recon/Scanning,Medium,Defense Evasion,2026-07-29 17:44:58,2026-07-29 22:53:16,2026-07-29 22:54:16,2026-07-30 12:52:25,2026-08-01 04:03:57,308.3,1,839.2,3190.7,1440,No,t.begum,j.chowdhury,Night,No
INC-00224,ALT-002741,2026-07,Unauthorized Access,High,Persistence,2026-07-30 09:36:55,2026-07-30 14:27:06,2026-07-30 14:43:32,2026-07-30 15:45:30,2026-08-01 01:59:23,290.2,16.4,78.4,2132.3,240,No,t.begum,f.ahmed,Evening,No
INC-00225,ALT-002758,2026-07,Data Loss,High,Command and Control,2026-07-30 22:58:23,2026-07-31 00:48:21,2026-07-31 01:18:37,2026-07-31 02:26:59,2026-07-31 15:37:19,110.0,30.3,98.6,889.0,240,No,n.akter,k.das,Night,No
INC-00226,ALT-002762,2026-07,Denial of Service,Critical,Command and Control,2026-07-31 04:39:00,2026-07-31 07:44:05,2026-07-31 07:46:50,2026-07-31 08:44:07,2026-08-02 01:56:47,185.1,2.8,60.0,2532.7,60,Yes,s.khatun,k.das,Morning,No
INC-00227,ALT-002756,2026-07,Phishing,High,Discovery,2026-07-31 08:43:31,2026-07-31 09:45:25,2026-07-31 09:53:30,2026-07-31 13:49:56,2026-08-02 16:58:18,61.9,8.1,244.5,3312.9,240,Yes,t.begum,j.chowdhury,Morning,No
INC-00228,ALT-002751,2026-07,Unauthorized Access,Low,Privilege Escalation,2026-07-31 13:38:59,2026-07-31 19:54:03,2026-07-31 20:07:24,2026-08-02 09:19:51,2026-08-03 06:41:49,375.1,13.4,2245.8,3527.8,4320,No,s.khatun,f.ahmed,Evening,No
INC-00229,ALT-002769,2026-08,Insider Threat,High,Persistence,2026-07-20 01:33:18,2026-08-02 18:32:36,2026-08-02 18:43:52,2026-08-02 21:37:38,2026-08-03 12:14:06,19739.3,11.3,185.0,1061.5,240,No,t.begum,j.chowdhury,Evening,No
INC-00230,ALT-002773,2026-08,Unauthorized Access,High,Privilege Escalation,2026-08-03 05:08:49,2026-08-03 08:01:38,2026-08-03 08:02:49,2026-08-03 11:47:14,2026-08-05 01:25:29,172.8,1.2,225.6,2483.9,240,No,m.hasan,j.chowdhury,Morning,No
INC-00231,ALT-002789,2026-08,Unauthorized Access,High,Lateral Movement,2026-08-03 08:21:29,2026-08-03 11:20:58,2026-08-03 11:25:28,2026-08-03 12:35:53,2026-08-05 18:04:06,179.5,4.5,74.9,3283.1,240,No,m.hasan,f.ahmed,Morning,No
INC-00232,ALT-002783,2026-08,Malware,High,Exfiltration,2026-08-03 16:10:32,2026-08-03 18:25:05,2026-08-03 18:43:57,2026-08-03 22:11:43,2026-08-06 02:25:46,134.5,18.9,226.6,3360.7,240,No,t.begum,f.ahmed,Evening,No
INC-00233,ALT-002796,2026-08,Phishing,Critical,Collection,2026-08-04 20:57:30,2026-08-04 22:50:49,2026-08-04 23:05:59,2026-08-04 23:29:49,2026-08-05 21:43:34,113.3,15.2,39.0,1372.8,60,No,r.islam,j.chowdhury,Night,No
INC-00234,ALT-002831,2026-08,Recon/Scanning,High,Persistence,2026-08-06 05:56:50,2026-08-06 08:40:57,2026-08-06 08:44:55,2026-08-06 10:12:23,2026-08-07 04:32:41,164.1,4.0,91.4,1191.7,240,No,m.hasan,f.ahmed,Morning,No
INC-00235,ALT-002816,2026-08,Insider Threat,Medium,Defense Evasion,2026-08-06 07:06:19,2026-08-06 08:41:17,2026-08-06 08:46:49,2026-08-07 02:33:17,2026-08-07 14:53:47,95.0,5.5,1072.0,1812.5,1440,No,m.hasan,k.das,Morning,No
INC-00236,ALT-002854,2026-08,Recon/Scanning,Medium,Impact,2026-08-08 16:01:31,2026-08-08 19:54:52,2026-08-08 19:57:53,2026-08-09 08:49:47,2026-08-09 15:38:35,233.3,3.0,774.9,1183.7,1440,No,m.hasan,k.das,Evening,No
INC-00237,ALT-002866,2026-08,Unauthorized Access,Medium,Credential Access,2026-08-10 15:30:21,2026-08-10 17:42:19,2026-08-10 17:46:18,2026-08-10 17:49:18,2026-08-12 04:28:26,132.0,4.0,7.0,2086.1,1440,No,n.akter,f.ahmed,Evening,No
INC-00238,ALT-002871,2026-08,Denial of Service,Low,Persistence,2026-08-10 16:45:09,2026-08-10 18:48:09,2026-08-10 18:59:21,2026-08-11 14:48:21,2026-08-11 15:18:21,123.0,11.2,1200.2,1230.2,4320,No,a.rahman,f.ahmed,Evening,No
INC-00239,ALT-002894,2026-08,Phishing,Medium,Initial Access,2026-08-11 07:23:26,2026-08-11 09:05:30,2026-08-11 09:09:34,2026-08-11 20:56:51,2026-08-12 11:51:51,102.1,4.1,711.4,1606.4,1440,No,r.islam,j.chowdhury,Morning,No
INC-00240,ALT-002890,2026-08,Denial of Service,Medium,Initial Access,2026-08-11 07:57:12,2026-08-11 11:59:03,2026-08-11 12:02:45,2026-08-11 22:35:15,2026-08-12 18:21:03,241.8,3.7,636.2,1822.0,1440,No,n.akter,j.chowdhury,Morning,No
INC-00241,ALT-002881,2026-08,Phishing,Medium,Defense Evasion,2026-08-11 19:11:33,2026-08-11 19:12:33,2026-08-11 19:20:37,2026-08-12 00:06:49,2026-08-13 02:56:33,1,8.1,294.3,1904.0,1440,No,n.akter,f.ahmed,Evening,No
INC-00242,ALT-002901,2026-08,Phishing,High,Collection,2026-08-12 04:50:46,2026-08-12 07:13:49,2026-08-12 07:17:29,2026-08-12 08:59:29,2026-08-13 15:44:16,143.0,3.7,105.7,1950.5,240,No,m.hasan,k.das,Morning,Yes
INC-00243,ALT-002904,2026-08,Phishing,High,Lateral Movement,2026-08-12 07:20:30,2026-08-12 09:23:35,2026-08-12 09:28:52,2026-08-12 10:48:00,2026-08-13 16:34:20,123.1,5.3,84.4,1870.8,240,No,t.begum,k.das,Morning,No
INC-00244,ALT-002898,2026-08,Unauthorized Access,High,Credential Access,2026-08-12 13:07:51,2026-08-12 15:00:42,2026-08-12 15:08:14,2026-08-12 19:56:53,2026-08-13 11:57:50,112.8,7.5,296.2,1257.1,240,Yes,s.khatun,k.das,Evening,No
INC-00245,ALT-002911,2026-08,Policy Violation,High,Execution,2026-08-11 00:39:41,2026-08-12 17:48:21,2026-08-12 17:52:49,2026-08-12 20:52:40,2026-08-13 21:13:21,2468.7,4.5,184.3,1645.0,240,No,t.begum,j.chowdhury,Evening,No
INC-00246,ALT-002915,2026-08,Recon/Scanning,Medium,Collection,2026-08-13 06:42:12,2026-08-13 06:43:12,2026-08-13 06:51:12,2026-08-13 13:08:53,2026-08-14 14:39:42,1,8.0,385.7,1916.5,1440,No,n.akter,j.chowdhury,Morning,No
INC-00247,ALT-002934,2026-08,Data Loss,Critical,Credential Access,2026-08-13 15:19:49,2026-08-13 17:47:28,2026-08-13 17:54:47,2026-08-13 18:35:20,2026-08-15 10:46:01,147.6,7.3,47.9,2458.6,60,No,s.khatun,k.das,Evening,Yes
INC-00248,ALT-002946,2026-08,Phishing,Low,Initial Access,2026-08-14 04:55:28,2026-08-14 07:51:16,2026-08-14 07:52:16,2026-08-15 16:30:07,2026-08-15 17:00:07,175.8,1,1958.9,1988.9,4320,No,m.hasan,j.chowdhury,Morning,Yes
INC-00249,ALT-002949,2026-08,Phishing,Medium,Credential Access,2026-08-14 07:54:12,2026-08-14 08:27:31,2026-08-14 08:28:51,2026-08-14 14:44:35,2026-08-16 00:19:23,33.3,1.3,377.1,2391.9,1440,No,a.rahman,k.das,Morning,No
INC-00250,ALT-002950,2026-08,Denial of Service,Critical,Execution,2026-08-14 10:12:25,2026-08-14 13:18:49,2026-08-14 13:23:13,2026-08-14 14:08:09,2026-08-16 06:07:43,186.4,4.4,49.3,2448.9,60,No,m.hasan,f.ahmed,Morning,No
INC-00251,ALT-002937,2026-08,Unauthorized Access,Medium,Exfiltration,2026-08-14 09:51:06,2026-08-14 14:21:23,2026-08-14 14:29:46,2026-08-14 17:21:35,2026-08-15 04:47:17,270.3,8.4,180.2,865.9,1440,No,m.hasan,k.das,Evening,No
INC-00252,ALT-002942,2026-08,Data Loss,Critical,Impact,2026-08-14 13:23:19,2026-08-14 15:39:43,2026-08-14 15:50:35,2026-08-14 16:35:50,2026-08-16 20:08:13,136.4,10.9,56.1,3148.5,60,No,a.rahman,k.das,Evening,No
INC-00253,ALT-002965,2026-08,Recon/Scanning,Medium,Persistence,2026-08-12 21:35:34,2026-08-17 06:20:00,2026-08-17 06:22:21,2026-08-17 20:23:53,2026-08-17 22:58:51,6284.4,2.4,843.9,998.9,1440,No,m.hasan,f.ahmed,Morning,No
INC-00254,ALT-002972,2026-08,Malware,Medium,Impact,2026-08-17 06:56:49,2026-08-17 13:19:25,2026-08-17 13:24:38,2026-08-18 04:30:34,2026-08-18 05:00:34,382.6,5.2,911.2,941.2,1440,No,a.rahman,f.ahmed,Morning,No
INC-00255,ALT-002966,2026-08,Phishing,Medium,Defense Evasion,2026-08-17 15:32:56,2026-08-17 16:51:19,2026-08-17 16:59:13,2026-08-18 06:57:24,2026-08-18 07:27:24,78.4,7.9,846.1,876.1,1440,No,r.islam,f.ahmed,Evening,No
INC-00256,ALT-002981,2026-08,Malware,Medium,Lateral Movement,2026-08-09 00:42:33,2026-08-18 07:11:17,2026-08-18 07:15:57,2026-08-19 02:54:35,2026-08-19 19:35:20,13348.7,4.7,1183.3,2184.1,1440,No,a.rahman,k.das,Morning,No
INC-00257,ALT-002986,2026-08,Data Loss,Medium,Discovery,2026-08-18 07:40:15,2026-08-18 08:08:44,2026-08-18 08:11:35,2026-08-18 21:58:33,2026-08-19 12:53:47,28.5,2.9,829.8,1725.1,1440,No,n.akter,k.das,Morning,No
INC-00258,ALT-002990,2026-08,Unauthorized Access,Medium,Defense Evasion,2026-08-18 07:10:36,2026-08-18 11:06:31,2026-08-18 11:08:18,2026-08-19 00:37:25,2026-08-20 04:53:38,235.9,1.8,810.9,2507.1,1440,No,t.begum,j.chowdhury,Morning,No
INC-00259,ALT-002983,2026-08,Malware,Critical,Lateral Movement,2026-08-18 09:52:18,2026-08-18 12:01:25,2026-08-18 12:05:34,2026-08-18 12:10:35,2026-08-21 05:55:50,129.1,4.2,9.2,3954.4,60,No,a.rahman,f.ahmed,Morning,No
INC-00260,ALT-002989,2026-08,Recon/Scanning,Medium,Lateral Movement,2026-08-18 20:49:30,2026-08-18 22:52:21,2026-08-18 23:13:31,2026-08-19 04:46:49,2026-08-19 10:33:57,122.8,21.2,354.5,701.6,1440,No,n.akter,k.das,Night,No
INC-00261,ALT-002996,2026-08,Unauthorized Access,Medium,Privilege Escalation,2026-08-05 08:06:28,2026-08-19 09:46:45,2026-08-19 09:53:40,2026-08-19 18:24:50,2026-08-20 02:26:07,20260.3,6.9,518.1,999.4,1440,No,a.rahman,k.das,Morning,No
INC-00262,ALT-003006,2026-08,Insider Threat,Medium,Discovery,2026-08-19 13:21:14,2026-08-19 13:52:02,2026-08-19 13:59:30,2026-08-20 01:43:10,2026-08-20 20:20:38,30.8,7.5,711.1,1828.6,1440,No,r.islam,f.ahmed,Morning,Yes
INC-00263,ALT-003010,2026-08,Unauthorized Access,Low,Privilege Escalation,2026-08-20 03:06:12,2026-08-20 07:56:19,2026-08-20 07:58:02,2026-08-22 03:22:23,2026-08-22 04:42:51,290.1,1.7,2606.1,2686.5,4320,No,a.rahman,k.das,Morning,No
INC-00264,ALT-003021,2026-08,Phishing,Medium,Execution,2026-08-20 08:10:59,2026-08-20 11:37:54,2026-08-20 11:43:48,2026-08-20 16:25:47,2026-08-21 17:59:59,206.9,5.9,287.9,1822.1,1440,No,m.hasan,k.das,Morning,No
INC-00265,ALT-003038,2026-08,Policy Violation,High,Defense Evasion,2026-08-21 09:58:31,2026-08-21 10:42:23,2026-08-21 10:46:26,2026-08-21 12:57:56,2026-08-22 13:48:21,43.9,4.1,135.6,1626.0,240,No,r.islam,k.das,Morning,No
INC-00266,ALT-003037,2026-08,Policy Violation,Low,Defense Evasion,2026-08-14 10:23:25,2026-08-21 15:45:25,2026-08-21 15:49:23,2026-08-23 08:51:01,2026-08-23 15:37:36,10402,4.0,2465.6,2872.2,4320,No,t.begum,f.ahmed,Evening,No
INC-00267,ALT-003047,2026-08,Phishing,High,Discovery,2026-08-22 09:07:50,2026-08-22 10:29:54,2026-08-22 10:35:02,2026-08-22 11:59:57,2026-08-23 22:57:59,82.1,5.1,90.1,2188.1,240,No,n.akter,f.ahmed,Morning,No
INC-00268,ALT-003057,2026-08,Phishing,High,Collection,2026-08-24 10:08:37,2026-08-24 12:00:29,2026-08-24 12:01:29,2026-08-24 15:12:14,2026-08-25 04:14:11,111.9,1,191.8,973.7,240,No,m.hasan,k.das,Morning,No
INC-00269,ALT-003068,2026-08,Unauthorized Access,Medium,Impact,2026-08-24 06:34:32,2026-08-24 13:28:48,2026-08-24 13:29:48,2026-08-25 03:48:59,2026-08-25 20:16:36,414.3,1,860.2,1847.8,1440,No,n.akter,k.das,Morning,No
INC-00270,ALT-003083,2026-08,Phishing,High,Credential Access,2026-08-25 12:24:00,2026-08-25 13:09:03,2026-08-25 13:12:33,2026-08-25 15:00:30,2026-08-27 15:53:50,45.0,3.5,111.5,3044.8,240,No,n.akter,f.ahmed,Morning,No
INC-00271,ALT-003074,2026-08,Phishing,High,Impact,2026-08-25 13:28:48,2026-08-25 14:20:45,2026-08-25 14:28:02,2026-08-25 15:56:09,2026-08-26 23:46:13,51.9,7.3,95.4,2005.5,240,No,t.begum,k.das,Evening,No
INC-00272,ALT-003101,2026-08,Phishing,High,Initial Access,2026-08-26 12:05:33,2026-08-26 13:39:36,2026-08-26 13:43:50,2026-08-26 16:22:54,2026-08-27 11:04:04,94.0,4.2,163.3,1284.5,240,No,s.khatun,f.ahmed,Morning,No
INC-00273,ALT-003103,2026-08,Policy Violation,Medium,Lateral Movement,2026-08-26 15:54:36,2026-08-26 16:09:47,2026-08-26 16:15:52,2026-08-27 01:59:24,2026-08-27 22:29:54,15.2,6.1,589.6,1820.1,1440,No,r.islam,f.ahmed,Evening,No
INC-00274,ALT-003096,2026-08,Data Loss,High,Credential Access,2026-08-26 15:44:54,2026-08-26 17:23:47,2026-08-26 17:33:08,2026-08-26 19:07:20,2026-08-28 10:16:52,98.9,9.4,103.6,2453.1,240,No,s.khatun,j.chowdhury,Evening,No
INC-00275,ALT-003094,2026-08,Unauthorized Access,Low,Impact,2026-08-26 16:44:32,2026-08-26 20:47:52,2026-08-26 20:55:46,2026-08-27 20:21:02,2026-08-28 11:23:49,243.3,7.9,1413.2,2316.0,4320,No,a.rahman,k.das,Evening,No
INC-00276,ALT-003091,2026-08,Malware,Critical,Impact,2026-08-26 21:02:35,2026-08-26 22:15:28,2026-08-26 22:37:51,2026-08-26 22:43:26,2026-08-29 13:13:22,72.9,22.4,28.0,3777.9,60,No,a.rahman,k.das,Night,No
INC-00277,ALT-003107,2026-08,Phishing,Medium,Impact,2026-08-27 12:48:54,2026-08-27 12:49:54,2026-08-27 12:56:14,2026-08-28 01:27:38,2026-08-28 17:45:07,1,6.3,757.7,1735.2,1440,No,s.khatun,j.chowdhury,Morning,No
INC-00278,ALT-003115,2026-08,Phishing,High,Defense Evasion,2026-08-27 13:27:09,2026-08-27 14:21:41,2026-08-27 14:27:33,2026-08-27 18:00:53,2026-08-28 08:22:56,54.5,5.9,219.2,1081.3,240,No,n.akter,j.chowdhury,Evening,No
INC-00279,ALT-003112,2026-08,Phishing,High,Credential Access,2026-08-27 14:01:06,2026-08-27 15:39:02,2026-08-27 15:45:20,2026-08-27 17:48:23,2026-08-28 10:19:51,97.9,6.3,129.4,1120.8,240,No,a.rahman,j.chowdhury,Evening,No
INC-00280,ALT-003127,2026-08,Denial of Service,High,Persistence,2026-08-28 12:15:47,2026-08-28 13:38:32,2026-08-28 13:44:07,2026-08-28 14:24:36,2026-08-29 16:10:33,82.7,5.6,46.1,1592.0,240,No,n.akter,f.ahmed,Morning,No
INC-00281,ALT-003137,2026-08,Phishing,High,Command and Control,2026-08-28 15:52:18,2026-08-28 18:19:46,2026-08-28 18:25:33,2026-08-28 20:17:16,2026-08-29 11:48:22,147.5,5.8,117.5,1048.6,240,No,n.akter,j.chowdhury,Evening,No
INC-00282,ALT-003133,2026-08,Phishing,Low,Lateral Movement,2026-08-28 17:53:04,2026-08-28 22:22:39,2026-08-28 22:56:44,2026-08-29 09:20:20,2026-08-29 16:31:11,269.6,34.1,657.7,1088.5,4320,No,a.rahman,f.ahmed,Night,No
INC-00283,ALT-003153,2026-08,Recon/Scanning,Medium,Execution,2026-08-31 07:34:58,2026-08-31 10:26:34,2026-08-31 10:30:52,2026-09-01 03:33:01,2026-09-01 17:08:57,171.6,4.3,1026.5,1842.4,1440,No,m.hasan,k.das,Morning,No
